nome;codigo_barras;categoria;preco;estoque;estoque_minimo;tipo;unidade
ACETATO DE MEDROXIPROGESTERONA 150MG;7891268101782;ANTICONCEPÇÃO;1,00;10;1;unidade;un
ACETATO DE MEDROXIPROGESTERONA 150MG;7891268101799;ANTICONCEPÇÃO;1,00;10;1;unidade;un
ACETATO DE MEDROXIPROGESTERONA 150MG;7894916502900;ANTICONCEPÇÃO;1,00;10;1;unidade;un
ACETATO DE MEDROXIPROGESTERONA 150MG;7894916507004;ANTICONCEPÇÃO;1,00;10;1;unidade;un
ACETATO DE MEDROXIPROGESTERONA 150MG;7894916512589;ANTICONCEPÇÃO;1,00;10;1;unidade;un
ACETATO DE MEDROXIPROGESTERONA 150MG;7896006205395;ANTICONCEPÇÃO;1,00;10;1;unidade;un
ACETATO DE MEDROXIPROGESTERONA 150MG;7896006206781;ANTICONCEPÇÃO;1,00;10;1;unidade;un
ACETATO DE MEDROXIPROGESTERONA 150MG;7896006259657;ANTICONCEPÇÃO;1,00;10;1;unidade;un
ALENDRONATO DE SÓDIO 70MG;7891317001476;OSTEOPOROSE;1,00;10;1;unidade;un
ALENDRONATO DE SÓDIO 70MG;7893454100012;OSTEOPOROSE;1,00;10;1;unidade;un
ALENDRONATO DE SÓDIO 70MG;7893454101644;OSTEOPOROSE;1,00;10;1;unidade;un
ALENDRONATO DE SÓDIO 70MG;7893454213118;OSTEOPOROSE;1,00;10;1;unidade;un
ALENDRONATO DE SÓDIO 70MG;7894916143424;OSTEOPOROSE;1,00;10;1;unidade;un
ALENDRONATO DE SÓDIO 70MG;7894916501729;OSTEOPOROSE;1,00;10;1;unidade;un
ALENDRONATO DE SÓDIO 70MG;7894916510127;OSTEOPOROSE;1,00;10;1;unidade;un
ALENDRONATO DE SÓDIO 70MG;7895296420020;OSTEOPOROSE;1,00;10;1;unidade;un
ALENDRONATO DE SÓDIO 70MG;7896004715308;OSTEOPOROSE;1,00;10;1;unidade;un
ALENDRONATO DE SÓDIO 70MG;7896004715322;OSTEOPOROSE;1,00;10;1;unidade;un
ALENDRONATO DE SÓDIO 70MG;7896004715353;OSTEOPOROSE;1,00;10;1;unidade;un
ALENDRONATO DE SÓDIO 70MG;7896004726847;OSTEOPOROSE;1,00;10;1;unidade;un
ALENDRONATO DE SÓDIO 70MG;7896006216476;OSTEOPOROSE;1,00;10;1;unidade;un
ALENDRONATO DE SÓDIO 70MG;7896112162322;OSTEOPOROSE;1,00;10;1;unidade;un
ALENDRONATO DE SÓDIO 70MG;7896112163015;OSTEOPOROSE;1,00;10;1;unidade;un
ALENDRONATO DE SÓDIO 70MG;7896181920038;OSTEOPOROSE;1,00;10;1;unidade;un
ALENDRONATO DE SÓDIO 70MG;7896523227252;OSTEOPOROSE;1,00;10;1;unidade;un
ALENDRONATO DE SÓDIO 70MG;7896658022760;OSTEOPOROSE;1,00;10;1;unidade;un
ALENDRONATO DE SÓDIO 70MG;7896714231204;OSTEOPOROSE;1,00;10;1;unidade;un
ALENDRONATO DE SÓDIO 70MG;7897595610089;OSTEOPOROSE;1,00;10;1;unidade;un
ALENDRONATO DE SÓDIO 70MG;7897595637574;OSTEOPOROSE;1,00;10;1;unidade;un
ALENDRONATO DE SÓDIO 70MG;7898040320621;OSTEOPOROSE;1,00;10;1;unidade;un
ALENDRONATO DE SÓDIO 70MG;7898075317894;OSTEOPOROSE;1,00;10;1;unidade;un
ALENDRONATO DE SÓDIO 70MG;7898109241522;OSTEOPOROSE;1,00;10;1;unidade;un
ATENOLOL 25MG;7894916144209;HIPERTENSÃO;1,00;10;1;unidade;un
ATENOLOL 25MG;7895296299022;HIPERTENSÃO;1,00;10;1;unidade;un
ATENOLOL 25MG;7896004705781;HIPERTENSÃO;1,00;10;1;unidade;un
ATENOLOL 25MG;7896004705880;HIPERTENSÃO;1,00;10;1;unidade;un
ATENOLOL 25MG;7896004709024;HIPERTENSÃO;1,00;10;1;unidade;un
ATENOLOL 25MG;7896112401452;HIPERTENSÃO;1,00;10;1;unidade;un
ATENOLOL 25MG;7896181900122;HIPERTENSÃO;1,00;10;1;unidade;un
ATENOLOL 25MG;7896181901723;HIPERTENSÃO;1,00;10;1;unidade;un
ATENOLOL 25MG;7896181916222;HIPERTENSÃO;1,00;10;1;unidade;un
ATENOLOL 25MG;7896241221853;HIPERTENSÃO;1,00;10;1;unidade;un
ATENOLOL 25MG;7896422506342;HIPERTENSÃO;1,00;10;1;unidade;un
ATENOLOL 25MG;7896472513130;HIPERTENSÃO;1,00;10;1;unidade;un
ATENOLOL 25MG;7896472513338;HIPERTENSÃO;1,00;10;1;unidade;un
ATENOLOL 25MG;7896472519774;HIPERTENSÃO;1,00;10;1;unidade;un
ATENOLOL 25MG;7896472519828;HIPERTENSÃO;1,00;10;1;unidade;un
ATENOLOL 25MG;7896523212920;HIPERTENSÃO;1,00;10;1;unidade;un
ATENOLOL 25MG;7896714262031;HIPERTENSÃO;1,00;10;1;unidade;un
ATENOLOL 25MG;7897595602572;HIPERTENSÃO;1,00;10;1;unidade;un
ATENOLOL 25MG;7897595605412;HIPERTENSÃO;1,00;10;1;unidade;un
ATENOLOL 25MG;7898049792979;HIPERTENSÃO;1,00;10;1;unidade;un
ATENOLOL 25MG;7898075314954;HIPERTENSÃO;1,00;10;1;unidade;un
ATENOLOL 25MG;7898148290772;HIPERTENSÃO;1,00;10;1;unidade;un
ATENOLOL 25MG;7898700412253;HIPERTENSÃO;1,00;10;1;unidade;un
ATENOLOL 25MG;7899095201866;HIPERTENSÃO;1,00;10;1;unidade;un
ATENOLOL 25MG;7899095245815;HIPERTENSÃO;1,00;10;1;unidade;un
BESILATO DE ANLODIPINO 5 MG;7891721012969;HIPERTENSÃO;1,00;10;1;unidade;un
BESILATO DE ANLODIPINO 5 MG;7891721277429;HIPERTENSÃO;1,00;10;1;unidade;un
BESILATO DE ANLODIPINO 5 MG;7891721277436;HIPERTENSÃO;1,00;10;1;unidade;un
BESILATO DE ANLODIPINO 5 MG;7894916190022;HIPERTENSÃO;1,00;10;1;unidade;un
BESILATO DE ANLODIPINO 5 MG;7894916340748;HIPERTENSÃO;1,00;10;1;unidade;un
BESILATO DE ANLODIPINO 5 MG;7894916340755;HIPERTENSÃO;1,00;10;1;unidade;un
BESILATO DE ANLODIPINO 5 MG;7895296415019;HIPERTENSÃO;1,00;10;1;unidade;un
BESILATO DE ANLODIPINO 5 MG;7896004703305;HIPERTENSÃO;1,00;10;1;unidade;un
BESILATO DE ANLODIPINO 5 MG;7896004766362;HIPERTENSÃO;1,00;10;1;unidade;un
BESILATO DE ANLODIPINO 5 MG;7896004766379;HIPERTENSÃO;1,00;10;1;unidade;un
BESILATO DE ANLODIPINO 5 MG;7896112117681;HIPERTENSÃO;1,00;10;1;unidade;un
BESILATO DE ANLODIPINO 5 MG;7896112149460;HIPERTENSÃO;1,00;10;1;unidade;un
BESILATO DE ANLODIPINO 5 MG;7896112190134;HIPERTENSÃO;1,00;10;1;unidade;un
BESILATO DE ANLODIPINO 5 MG;7896112196532;HIPERTENSÃO;1,00;10;1;unidade;un
BESILATO DE ANLODIPINO 5 MG;7896112413790;HIPERTENSÃO;1,00;10;1;unidade;un
BESILATO DE ANLODIPINO 5 MG;7896112477204;HIPERTENSÃO;1,00;10;1;unidade;un
BESILATO DE ANLODIPINO 5 MG;7896112477938;HIPERTENSÃO;1,00;10;1;unidade;un
BESILATO DE ANLODIPINO 5 MG;7896181900658;HIPERTENSÃO;1,00;10;1;unidade;un
BESILATO DE ANLODIPINO 5 MG;7896181900795;HIPERTENSÃO;1,00;10;1;unidade;un
BESILATO DE ANLODIPINO 5 MG;7896181901747;HIPERTENSÃO;1,00;10;1;unidade;un
BESILATO DE ANLODIPINO 5 MG;7896181906209;HIPERTENSÃO;1,00;10;1;unidade;un
BESILATO DE ANLODIPINO 5 MG;7896181917960;HIPERTENSÃO;1,00;10;1;unidade;un
BESILATO DE ANLODIPINO 5 MG;7896181927846;HIPERTENSÃO;1,00;10;1;unidade;un
BESILATO DE ANLODIPINO 5 MG;7896181929246;HIPERTENSÃO;1,00;10;1;unidade;un
BESILATO DE ANLODIPINO 5 MG;7896422505789;HIPERTENSÃO;1,00;10;1;unidade;un
BESILATO DE ANLODIPINO 5 MG;7896523213569;HIPERTENSÃO;1,00;10;1;unidade;un
BESILATO DE ANLODIPINO 5 MG;7896523213644;HIPERTENSÃO;1,00;10;1;unidade;un
BESILATO DE ANLODIPINO 5 MG;7896658040313;HIPERTENSÃO;1,00;10;1;unidade;un
BESILATO DE ANLODIPINO 5 MG;7896676411584;HIPERTENSÃO;1,00;10;1;unidade;un
BESILATO DE ANLODIPINO 5 MG;7896714211305;HIPERTENSÃO;1,00;10;1;unidade;un
BESILATO DE ANLODIPINO 5 MG;7896714234212;HIPERTENSÃO;1,00;10;1;unidade;un
BESILATO DE ANLODIPINO 5 MG;7896714295657;HIPERTENSÃO;1,00;10;1;unidade;un
BESILATO DE ANLODIPINO 5 MG;7897406120370;HIPERTENSÃO;1,00;10;1;unidade;un
BESILATO DE ANLODIPINO 5 MG;7897595601780;HIPERTENSÃO;1,00;10;1;unidade;un
BESILATO DE ANLODIPINO 5 MG;7897595631770;HIPERTENSÃO;1,00;10;1;unidade;un
BESILATO DE ANLODIPINO 5 MG;7897595635112;HIPERTENSÃO;1,00;10;1;unidade;un
BESILATO DE ANLODIPINO 5 MG;7897595636010;HIPERTENSÃO;1,00;10;1;unidade;un
BESILATO DE ANLODIPINO 5 MG;7898049795567;HIPERTENSÃO;1,00;10;1;unidade;un
BESILATO DE ANLODIPINO 5 MG;7898049796267;HIPERTENSÃO;1,00;10;1;unidade;un
BESILATO DE ANLODIPINO 5 MG;7898075314312;HIPERTENSÃO;1,00;10;1;unidade;un
BESILATO DE ANLODIPINO 5 MG;7898361880712;HIPERTENSÃO;1,00;10;1;unidade;un
BESILATO DE ANLODIPINO 5 MG;7899095238527;HIPERTENSÃO;1,00;10;1;unidade;un
BESILATO DE ANLODIPINO 5 MG;7899095258013;HIPERTENSÃO;1,00;10;1;unidade;un
BESILATO DE ANLODIPINO 5 MG;7899547504835;HIPERTENSÃO;1,00;10;1;unidade;un
BESILATO DE ANLODIPINO 5 MG;7899547531220;HIPERTENSÃO;1,00;10;1;unidade;un
BESILATO DE ANLODIPINO 5 MG;7899547544541;HIPERTENSÃO;1,00;10;1;unidade;un
BESILATO DE ANLODIPINO 5 MG;7899547544558;HIPERTENSÃO;1,00;10;1;unidade;un
BESILATO DE ANLODIPINO 5 MG;7899547544633;HIPERTENSÃO;1,00;10;1;unidade;un
BESILATO DE ANLODIPINO 5 MG;7899547544640;HIPERTENSÃO;1,00;10;1;unidade;un
BESILATO DE ANLODIPINO 5 MG;7908236800315;HIPERTENSÃO;1,00;10;1;unidade;un
BESILATO DE ANLODIPINO 5 MG;7908236800322;HIPERTENSÃO;1,00;10;1;unidade;un
BROMETO DE IPRATRÓPIO 0,02MG;7896026302432;ASMA;1,00;10;1;unidade;un
BROMETO DE IPRATRÓPIO 0,25MG;7894916145435;ASMA;1,00;10;1;unidade;un
BROMETO DE IPRATRÓPIO 0,25MG;7895296044011;ASMA;1,00;10;1;unidade;un
BROMETO DE IPRATRÓPIO 0,25MG;7895296284011;ASMA;1,00;10;1;unidade;un
BROMETO DE IPRATRÓPIO 0,25MG;7896004725420;ASMA;1,00;10;1;unidade;un
BROMETO DE IPRATRÓPIO 0,25MG;7896004725437;ASMA;1,00;10;1;unidade;un
BROMETO DE IPRATRÓPIO 0,25MG;7896006262510;ASMA;1,00;10;1;unidade;un
BROMETO DE IPRATRÓPIO 0,25MG;7896026300216;ASMA;1,00;10;1;unidade;un
BROMETO DE IPRATRÓPIO 0,25MG;7896026307826;ASMA;1,00;10;1;unidade;un
BROMETO DE IPRATRÓPIO 0,25MG;7896112114413;ASMA;1,00;10;1;unidade;un
BROMETO DE IPRATRÓPIO 0,25MG;7896181913252;ASMA;1,00;10;1;unidade;un
BROMETO DE IPRATRÓPIO 0,25MG;7896714214337;ASMA;1,00;10;1;unidade;un
BROMETO DE IPRATRÓPIO 0,25MG;7898060132785;ASMA;1,00;10;1;unidade;un
BROMETO DE IPRATRÓPIO 0,25MG;7898148299010;ASMA;1,00;10;1;unidade;un
BUDESONIDA 32MCG;7891317460532;RINITE;1,00;10;1;unidade;un
BUDESONIDA 32MCG;7896004756721;RINITE;1,00;10;1;unidade;un
BUDESONIDA 32MCG;7896004758268;RINITE;1,00;10;1;unidade;un
BUDESONIDA 32MCG;7896004765716;RINITE;1,00;10;1;unidade;un
BUDESONIDA 32MCG;7896181915171;RINITE;1,00;10;1;unidade;un
BUDESONIDA 32MCG;7896181917199;RINITE;1,00;10;1;unidade;un
BUDESONIDA 32MCG;7896658051159;RINITE;1,00;10;1;unidade;un
BUDESONIDA 50MCG;7896181907176;RINITE;1,00;10;1;unidade;un
BUDESONIDA 50MCG;7896181917205;RINITE;1,00;10;1;unidade;un
BUDESONIDA 50MCG - 200 DOSES;7891317460518;RINITE;1,00;10;1;unidade;un
CAPTOPRIL 25MG;7896004704326;HIPERTENSÃO;1,00;10;1;unidade;un
CAPTOPRIL 25MG;7896004704654;HIPERTENSÃO;1,00;10;1;unidade;un
CAPTOPRIL 25MG;7896004707020;HIPERTENSÃO;1,00;10;1;unidade;un
CAPTOPRIL 25MG;7896004767970;HIPERTENSÃO;1,00;10;1;unidade;un
CAPTOPRIL 25MG;7896004777320;HIPERTENSÃO;1,00;10;1;unidade;un
CAPTOPRIL 25MG;7896004777337;HIPERTENSÃO;1,00;10;1;unidade;un
CAPTOPRIL 25MG;7896004777740;HIPERTENSÃO;1,00;10;1;unidade;un
CAPTOPRIL 25MG;7896112116660;HIPERTENSÃO;1,00;10;1;unidade;un
CAPTOPRIL 25MG;7896112176473;HIPERTENSÃO;1,00;10;1;unidade;un
CAPTOPRIL 25MG;7896112198659;HIPERTENSÃO;1,00;10;1;unidade;un
CAPTOPRIL 25MG;7896422503709;HIPERTENSÃO;1,00;10;1;unidade;un
CAPTOPRIL 25MG;7896472504558;HIPERTENSÃO;1,00;10;1;unidade;un
CAPTOPRIL 25MG;7896472508143;HIPERTENSÃO;1,00;10;1;unidade;un
CAPTOPRIL 25MG;7896472519903;HIPERTENSÃO;1,00;10;1;unidade;un
CAPTOPRIL 25MG;7896472519910;HIPERTENSÃO;1,00;10;1;unidade;un
CAPTOPRIL 25MG;7896472519927;HIPERTENSÃO;1,00;10;1;unidade;un
CAPTOPRIL 25MG;7896472520077;HIPERTENSÃO;1,00;10;1;unidade;un
CAPTOPRIL 25MG;7896472520084;HIPERTENSÃO;1,00;10;1;unidade;un
CAPTOPRIL 25MG;7896472520091;HIPERTENSÃO;1,00;10;1;unidade;un
CAPTOPRIL 25MG;7896472520114;HIPERTENSÃO;1,00;10;1;unidade;un
CAPTOPRIL 25MG;7896523208350;HIPERTENSÃO;1,00;10;1;unidade;un
CAPTOPRIL 25MG;7896523209845;HIPERTENSÃO;1,00;10;1;unidade;un
CAPTOPRIL 25MG;7896714205687;HIPERTENSÃO;1,00;10;1;unidade;un
CAPTOPRIL 25MG;7896862923365;HIPERTENSÃO;1,00;10;1;unidade;un
CAPTOPRIL 25MG;7897406120387;HIPERTENSÃO;1,00;10;1;unidade;un
CAPTOPRIL 25MG;7897917001489;HIPERTENSÃO;1,00;10;1;unidade;un
CAPTOPRIL 25MG;7897917005036;HIPERTENSÃO;1,00;10;1;unidade;un
CAPTOPRIL 25MG;7898060131948;HIPERTENSÃO;1,00;10;1;unidade;un
CAPTOPRIL 25MG;7898060138060;HIPERTENSÃO;1,00;10;1;unidade;un
CAPTOPRIL 25MG;7898075313711;HIPERTENSÃO;1,00;10;1;unidade;un
CAPTOPRIL 25MG;7898148290512;HIPERTENSÃO;1,00;10;1;unidade;un
CAPTOPRIL 25MG;7898216360161;HIPERTENSÃO;1,00;10;1;unidade;un
CAPTOPRIL 25MG;7898216367726;HIPERTENSÃO;1,00;10;1;unidade;un
CAPTOPRIL 25MG;7899095246676;HIPERTENSÃO;1,00;10;1;unidade;un
CAPTOPRIL 25MG;7899095262973;HIPERTENSÃO;1,00;10;1;unidade;un
CAPTOPRIL 25MG;7899620910133;HIPERTENSÃO;1,00;10;1;unidade;un
CAPTOPRIL 25MG;7899620910140;HIPERTENSÃO;1,00;10;1;unidade;un
CARBIDOPA 25MG + LEVODOPA 250MG;7896112156253;DOENÇA DE PARKINSON;1,00;10;1;unidade;un
CARBIDOPA 25MG + LEVODOPA 250MG;7896112189923;DOENÇA DE PARKINSON;1,00;10;1;unidade;un
CARBIDOPA 25MG + LEVODOPA 250MG;7896112189930;DOENÇA DE PARKINSON;1,00;10;1;unidade;un
CARBIDOPA 25MG + LEVODOPA 250MG;7896676410877;DOENÇA DE PARKINSON;1,00;10;1;unidade;un
CARBIDOPA 25MG + LEVODOPA 250MG;7896676412079;DOENÇA DE PARKINSON;1,00;10;1;unidade;un
CARBIDOPA 25MG + LEVODOPA 250MG;7898927564896;DOENÇA DE PARKINSON;1,00;10;1;unidade;un
CLORIDRATO DE BENSERAZIDA 25MG + LEVODOPA 100MG;7896181929154;DOENÇA DE PARKINSON;1,00;10;1;unidade;un
CLORIDRATO DE BENSERAZIDA 25MG + LEVODOPA 100MG;7896226500362;DOENÇA DE PARKINSON;1,00;10;1;unidade;un
CLORIDRATO DE BENSERAZIDA 25MG + LEVODOPA 100MG;7896226503721;DOENÇA DE PARKINSON;1,00;10;1;unidade;un
CLORIDRATO DE BENSERAZIDA 25MG + LEVODOPA 100MG;7896226506371;DOENÇA DE PARKINSON;1,00;10;1;unidade;un
CLORIDRATO DE BENSERAZIDA 25MG + LEVODOPA 100MG;7896226506388;DOENÇA DE PARKINSON;1,00;10;1;unidade;un
CLORIDRATO DE BENSERAZIDA 25MG + LEVODOPA 100MG;7896658033582;DOENÇA DE PARKINSON;1,00;10;1;unidade;un
CLORIDRATO DE BENSERAZIDA 25MG + LEVODOPA 100MG;7896658033599;DOENÇA DE PARKINSON;1,00;10;1;unidade;un
CLORIDRATO DE BENSERAZIDA 25MG + LEVODOPA 100MG;7896658033636;DOENÇA DE PARKINSON;1,00;10;1;unidade;un
CLORIDRATO DE METFORMINA 500MG;7891721000614;DIABETES;1,00;10;1;unidade;un
CLORIDRATO DE METFORMINA 500MG;7891721017704;DIABETES;1,00;10;1;unidade;un
CLORIDRATO DE METFORMINA 500MG;7891721022333;DIABETES;1,00;10;1;unidade;un
CLORIDRATO DE METFORMINA 500MG;7891721238123;DIABETES;1,00;10;1;unidade;un
CLORIDRATO DE METFORMINA 500MG;7891721238239;DIABETES;1,00;10;1;unidade;un
CLORIDRATO DE METFORMINA 500MG;7896004709192;DIABETES;1,00;10;1;unidade;un
CLORIDRATO DE METFORMINA 500MG;7896004712840;DIABETES;1,00;10;1;unidade;un
CLORIDRATO DE METFORMINA 500MG;7896004712888;DIABETES;1,00;10;1;unidade;un
CLORIDRATO DE METFORMINA 500MG;7896004777573;DIABETES;1,00;10;1;unidade;un
CLORIDRATO DE METFORMINA 500MG;7896004778136;DIABETES;1,00;10;1;unidade;un
CLORIDRATO DE METFORMINA 500MG;7896004778259;DIABETES;1,00;10;1;unidade;un
CLORIDRATO DE METFORMINA 500MG;7896112126478;DIABETES;1,00;10;1;unidade;un
CLORIDRATO DE METFORMINA 500MG;7896112131120;DIABETES;1,00;10;1;unidade;un
CLORIDRATO DE METFORMINA 500MG;7896422507943;DIABETES;1,00;10;1;unidade;un
CLORIDRATO DE METFORMINA 500MG;7896472512386;DIABETES;1,00;10;1;unidade;un
CLORIDRATO DE METFORMINA 500MG;7896472520008;DIABETES;1,00;10;1;unidade;un
CLORIDRATO DE METFORMINA 500MG;7898049794324;DIABETES;1,00;10;1;unidade;un
CLORIDRATO DE METFORMINA 500MG;7898049796106;DIABETES;1,00;10;1;unidade;un
CLORIDRATO DE METFORMINA 500MG;7898060139593;DIABETES;1,00;10;1;unidade;un
CLORIDRATO DE METFORMINA 500MG;7898148291267;DIABETES;1,00;10;1;unidade;un
CLORIDRATO DE METFORMINA 500MG;7898361882655;DIABETES;1,00;10;1;unidade;un
CLORIDRATO DE METFORMINA 500MG;7899547528633;DIABETES;1,00;10;1;unidade;un
CLORIDRATO DE METFORMINA 500MG - AÇÃO PROLONGADA;7891721013201;DIABETES;1,00;10;1;unidade;un
CLORIDRATO DE METFORMINA 500MG - AÇÃO PROLONGADA;7891721013225;DIABETES;1,00;10;1;unidade;un
CLORIDRATO DE METFORMINA 500MG - AÇÃO PROLONGADA;7891721013232;DIABETES;1,00;10;1;unidade;un
CLORIDRATO DE METFORMINA 500MG - AÇÃO PROLONGADA;7891721013249;DIABETES;1,00;10;1;unidade;un
CLORIDRATO DE METFORMINA 500MG - AÇÃO PROLONGADA;7891721013256;DIABETES;1,00;10;1;unidade;un
CLORIDRATO DE METFORMINA 500MG - AÇÃO PROLONGADA;7891721013263;DIABETES;1,00;10;1;unidade;un
CLORIDRATO DE METFORMINA 500MG - AÇÃO PROLONGADA;7891721022722;DIABETES;1,00;10;1;unidade;un
CLORIDRATO DE METFORMINA 500MG - AÇÃO PROLONGADA;7891721024016;DIABETES;1,00;10;1;unidade;un
CLORIDRATO DE METFORMINA 500MG - AÇÃO PROLONGADA;7891721027468;DIABETES;1,00;10;1;unidade;un
CLORIDRATO DE METFORMINA 500MG - AÇÃO PROLONGADA;7891721201783;DIABETES;1,00;10;1;unidade;un
CLORIDRATO DE METFORMINA 500MG - AÇÃO PROLONGADA;7891721201806;DIABETES;1,00;10;1;unidade;un
CLORIDRATO DE METFORMINA 500MG - AÇÃO PROLONGADA;7896004750682;DIABETES;1,00;10;1;unidade;un
CLORIDRATO DE METFORMINA 500MG - AÇÃO PROLONGADA;7896004766188;DIABETES;1,00;10;1;unidade;un
CLORIDRATO DE METFORMINA 500MG - AÇÃO PROLONGADA;7896004766195;DIABETES;1,00;10;1;unidade;un
CLORIDRATO DE METFORMINA 500MG - AÇÃO PROLONGADA;7896004766201;DIABETES;1,00;10;1;unidade;un
CLORIDRATO DE METFORMINA 500MG - AÇÃO PROLONGADA;7896004766218;DIABETES;1,00;10;1;unidade;un
CLORIDRATO DE METFORMINA 500MG - AÇÃO PROLONGADA;7899547511031;DIABETES;1,00;10;1;unidade;un
CLORIDRATO DE METFORMINA 500MG - AÇÃO PROLONGADA;7899547528602;DIABETES;1,00;10;1;unidade;un
CLORIDRATO DE METFORMINA 500MG - AÇÃO PROLONGADA;8902220107205;DIABETES;1,00;10;1;unidade;un
CLORIDRATO DE METFORMINA 500MG - AÇÃO PROLONGADA;8902220107304;DIABETES;1,00;10;1;unidade;un
CLORIDRATO DE METFORMINA 850MG;7891721017711;DIABETES;1,00;10;1;unidade;un
CLORIDRATO DE METFORMINA 850MG;7891721022326;DIABETES;1,00;10;1;unidade;un
CLORIDRATO DE METFORMINA 850MG;7891721027406;DIABETES;1,00;10;1;unidade;un
CLORIDRATO DE METFORMINA 850MG;7891721027437;DIABETES;1,00;10;1;unidade;un
CLORIDRATO DE METFORMINA 850MG;7891721238246;DIABETES;1,00;10;1;unidade;un
CLORIDRATO DE METFORMINA 850MG;7896004709185;DIABETES;1,00;10;1;unidade;un
CLORIDRATO DE METFORMINA 850MG;7896004712864;DIABETES;1,00;10;1;unidade;un
CLORIDRATO DE METFORMINA 850MG;7896004712895;DIABETES;1,00;10;1;unidade;un
CLORIDRATO DE METFORMINA 850MG;7896004777580;DIABETES;1,00;10;1;unidade;un
CLORIDRATO DE METFORMINA 850MG;7896004778143;DIABETES;1,00;10;1;unidade;un
CLORIDRATO DE METFORMINA 850MG;7896004778266;DIABETES;1,00;10;1;unidade;un
CLORIDRATO DE METFORMINA 850MG;7896112126485;DIABETES;1,00;10;1;unidade;un
CLORIDRATO DE METFORMINA 850MG;7896112126492;DIABETES;1,00;10;1;unidade;un
CLORIDRATO DE METFORMINA 850MG;7896422507950;DIABETES;1,00;10;1;unidade;un
CLORIDRATO DE METFORMINA 850MG;7896472512409;DIABETES;1,00;10;1;unidade;un
CLORIDRATO DE METFORMINA 850MG;7896472519989;DIABETES;1,00;10;1;unidade;un
CLORIDRATO DE METFORMINA 850MG;7896523206493;DIABETES;1,00;10;1;unidade;un
CLORIDRATO DE METFORMINA 850MG;7896523210001;DIABETES;1,00;10;1;unidade;un
CLORIDRATO DE METFORMINA 850MG;7898049790913;DIABETES;1,00;10;1;unidade;un
CLORIDRATO DE METFORMINA 850MG;7898049798223;DIABETES;1,00;10;1;unidade;un
CLORIDRATO DE METFORMINA 850MG;7898060139623;DIABETES;1,00;10;1;unidade;un
CLORIDRATO DE METFORMINA 850MG;7898148291298;DIABETES;1,00;10;1;unidade;un
CLORIDRATO DE METFORMINA 850MG;7898361882662;DIABETES;1,00;10;1;unidade;un
CLORIDRATO DE METFORMINA 850MG;7898902274031;DIABETES;1,00;10;1;unidade;un
CLORIDRATO DE METFORMINA 850MG;7899095202689;DIABETES;1,00;10;1;unidade;un
CLORIDRATO DE METFORMINA 850MG;7899095238763;DIABETES;1,00;10;1;unidade;un
CLORIDRATO DE METFORMINA 850MG;7899547528640;DIABETES;1,00;10;1;unidade;un
CLORIDRATO DE PROPRANOLOL 40MG;7893736001631;HIPERTENSÃO;1,00;10;1;unidade;un
CLORIDRATO DE PROPRANOLOL 40MG;7894916550055;HIPERTENSÃO;1,00;10;1;unidade;un
CLORIDRATO DE PROPRANOLOL 40MG;7896004707341;HIPERTENSÃO;1,00;10;1;unidade;un
CLORIDRATO DE PROPRANOLOL 40MG;7896004761701;HIPERTENSÃO;1,00;10;1;unidade;un
CLORIDRATO DE PROPRANOLOL 40MG;7896006245247;HIPERTENSÃO;1,00;10;1;unidade;un
CLORIDRATO DE PROPRANOLOL 40MG;7896112110576;HIPERTENSÃO;1,00;10;1;unidade;un
CLORIDRATO DE PROPRANOLOL 40MG;7896422515535;HIPERTENSÃO;1,00;10;1;unidade;un
CLORIDRATO DE PROPRANOLOL 40MG;7896523206646;HIPERTENSÃO;1,00;10;1;unidade;un
CLORIDRATO DE PROPRANOLOL 40MG;7896523210438;HIPERTENSÃO;1,00;10;1;unidade;un
CLORIDRATO DE PROPRANOLOL 40MG;7896714205182;HIPERTENSÃO;1,00;10;1;unidade;un
CLORIDRATO DE PROPRANOLOL 40MG;7898049790531;HIPERTENSÃO;1,00;10;1;unidade;un
CLORIDRATO DE PROPRANOLOL 40MG;7898049790746;HIPERTENSÃO;1,00;10;1;unidade;un
CLORIDRATO DE PROPRANOLOL 40MG;7898060131290;HIPERTENSÃO;1,00;10;1;unidade;un
CLORIDRATO DE PROPRANOLOL 40MG;7898089301001;HIPERTENSÃO;1,00;10;1;unidade;un
CLORIDRATO DE PROPRANOLOL 40MG;7898089301049;HIPERTENSÃO;1,00;10;1;unidade;un
CLORIDRATO DE PROPRANOLOL 40MG;7898216362431;HIPERTENSÃO;1,00;10;1;unidade;un
CLORIDRATO DE PROPRANOLOL 40MG;7899095200661;HIPERTENSÃO;1,00;10;1;unidade;un
CLORIDRATO DE PROPRANOLOL 40MG;7899095201200;HIPERTENSÃO;1,00;10;1;unidade;un
CLORIDRATO DE PROPRANOLOL 40MG;7899547512731;HIPERTENSÃO;1,00;10;1;unidade;un
CLORIDRATO DE PROPRANOLOL 40MG;7899620911987;HIPERTENSÃO;1,00;10;1;unidade;un
DAPAGLIFLOZINA 10 MG;5000456028554;DIABETES MELLITUS + DOENÇA CARDIOVASCULAR;1,00;10;1;unidade;un
DAPAGLIFLOZINA 10 MG;5000456028561;DIABETES MELLITUS + DOENÇA CARDIOVASCULAR;1,00;10;1;unidade;un
DAPAGLIFLOZINA 10 MG;5000456070416;DIABETES MELLITUS + DOENÇA CARDIOVASCULAR;1,00;10;1;unidade;un
DAPAGLIFLOZINA 10 MG;5000456070423;DIABETES MELLITUS + DOENÇA CARDIOVASCULAR;1,00;10;1;unidade;un
DAPAGLIFLOZINA 10 MG;5000456073240;DIABETES MELLITUS + DOENÇA CARDIOVASCULAR;1,00;10;1;unidade;un
DAPAGLIFLOZINA 10 MG;5000456073417;DIABETES MELLITUS + DOENÇA CARDIOVASCULAR;1,00;10;1;unidade;un
DAPAGLIFLOZINA 10 MG;5000456073424;DIABETES MELLITUS + DOENÇA CARDIOVASCULAR;1,00;10;1;unidade;un
DAPAGLIFLOZINA 10 MG;5000456078238;DIABETES MELLITUS + DOENÇA CARDIOVASCULAR;1,00;10;1;unidade;un
DAPAGLIFLOZINA 10 MG;5000456095372;DIABETES MELLITUS + DOENÇA CARDIOVASCULAR;1,00;10;1;unidade;un
DAPAGLIFLOZINA 10 MG;5000456095373;DIABETES MELLITUS + DOENÇA CARDIOVASCULAR;1,00;10;1;unidade;un
DAPAGLIFLOZINA 10 MG;5000456096591;DIABETES MELLITUS + DOENÇA CARDIOVASCULAR;1,00;10;1;unidade;un
DAPAGLIFLOZINA 10 MG;5000456096638;DIABETES MELLITUS + DOENÇA CARDIOVASCULAR;1,00;10;1;unidade;un
DAPAGLIFLOZINA 10 MG;5000456096652;DIABETES MELLITUS + DOENÇA CARDIOVASCULAR;1,00;10;1;unidade;un
DAPAGLIFLOZINA 10 MG;7891317039738;DIABETES MELLITUS + DOENÇA CARDIOVASCULAR;1,00;10;1;unidade;un
DAPAGLIFLOZINA 10 MG;7891317039769;DIABETES MELLITUS + DOENÇA CARDIOVASCULAR;1,00;10;1;unidade;un
DAPAGLIFLOZINA 10 MG;7891317051037;DIABETES MELLITUS + DOENÇA CARDIOVASCULAR;1,00;10;1;unidade;un
DAPAGLIFLOZINA 10 MG;7891317051044;DIABETES MELLITUS + DOENÇA CARDIOVASCULAR;1,00;10;1;unidade;un
DAPAGLIFLOZINA 10 MG;7894916512947;DIABETES MELLITUS + DOENÇA CARDIOVASCULAR;1,00;10;1;unidade;un
DAPAGLIFLOZINA 10 MG;7896004778846;DIABETES MELLITUS + DOENÇA CARDIOVASCULAR;1,00;10;1;unidade;un
DAPAGLIFLOZINA 10 MG;7896004791418;DIABETES MELLITUS + DOENÇA CARDIOVASCULAR;1,00;10;1;unidade;un
DAPAGLIFLOZINA 10 MG;7896004821948;DIABETES MELLITUS + DOENÇA CARDIOVASCULAR;1,00;10;1;unidade;un
DAPAGLIFLOZINA 10 MG;7896862994372;DIABETES MELLITUS + DOENÇA CARDIOVASCULAR;1,00;10;1;unidade;un
DIPROPIONATO DE BECLOMETASONA 0,05 MG;7896269900211;RINITE;1,00;10;1;unidade;un
DIPROPIONATO DE BECLOMETASONA 0,05 MG;7896672201943;RINITE;1,00;10;1;unidade;un
DIPROPIONATO DE BECLOMETASONA 0,05 MG;7896672202612;RINITE;1,00;10;1;unidade;un
DIPROPIONATO DE BECLOMETASONA 200MCG;7896672202872;ASMA;1,00;10;1;unidade;un
DIPROPIONATO DE BECLOMETASONA 200MCG;7896672203664;ASMA;1,00;10;1;unidade;un
DIPROPIONATO DE BECLOMETASONA 200MCG;7896672203671;ASMA;1,00;10;1;unidade;un
DIPROPIONATO DE BECLOMETASONA 200MCG;7896672203688;ASMA;1,00;10;1;unidade;un
DIPROPIONATO DE BECLOMETASONA 200MCG;7897473206106;ASMA;1,00;10;1;unidade;un
DIPROPIONATO DE BECLOMETASONA 200MCG;7897473207738;ASMA;1,00;10;1;unidade;un
DIPROPIONATO DE BECLOMETASONA 250MCG;7896672202902;ASMA;1,00;10;1;unidade;un
DIPROPIONATO DE BECLOMETASONA 250MCG;7896672202919;ASMA;1,00;10;1;unidade;un
DIPROPIONATO DE BECLOMETASONA 250MCG;7896672203695;ASMA;1,00;10;1;unidade;un
DIPROPIONATO DE BECLOMETASONA 250MCG;7896672203701;ASMA;1,00;10;1;unidade;un
DIPROPIONATO DE BECLOMETASONA 250MCG;7896672203718;ASMA;1,00;10;1;unidade;un
DIPROPIONATO DE BECLOMETASONA 250MCG;7897473207097;ASMA;1,00;10;1;unidade;un
DIPROPIONATO DE BECLOMETASONA 250MCG;7897473207103;ASMA;1,00;10;1;unidade;un
DIPROPIONATO DE BECLOMETASONA 50MCG;7896672202810;ASMA;1,00;10;1;unidade;un
DIPROPIONATO DE BECLOMETASONA 50MCG;7896672203602;ASMA;1,00;10;1;unidade;un
DIPROPIONATO DE BECLOMETASONA 50MCG;7896672203619;ASMA;1,00;10;1;unidade;un
DIPROPIONATO DE BECLOMETASONA 50MCG;7896672203626;ASMA;1,00;10;1;unidade;un
DIPROPIONATO DE BECLOMETASONA 50MCG;7897473206090;ASMA;1,00;10;1;unidade;un
DIPROPIONATO DE BECLOMETASONA 50MCG;7897473207721;ASMA;1,00;10;1;unidade;un
ESPIRONOLACTONA 25 MG;7891268100211;HIPERTENSÃO;1,00;10;1;unidade;un
ESPIRONOLACTONA 25 MG;7891317014582;HIPERTENSÃO;1,00;10;1;unidade;un
ESPIRONOLACTONA 25 MG;7891317431358;HIPERTENSÃO;1,00;10;1;unidade;un
ESPIRONOLACTONA 25 MG;7896004708942;HIPERTENSÃO;1,00;10;1;unidade;un
ESPIRONOLACTONA 25 MG;7896004708959;HIPERTENSÃO;1,00;10;1;unidade;un
ESPIRONOLACTONA 25 MG;7896004750361;HIPERTENSÃO;1,00;10;1;unidade;un
ESPIRONOLACTONA 25 MG;7899095203372;HIPERTENSÃO;1,00;10;1;unidade;un
ESPIRONOLACTONA 25 MG;7899095256453;HIPERTENSÃO;1,00;10;1;unidade;un
ETINILESTRADIOL 0,03MG + LEVONORGESTREL 0,15MG - 3 CARTELAS COM 21 COMPRIMIDOS;7891045008440;ANTICONCEPÇÃO;1,00;10;1;unidade;un
ETINILESTRADIOL 0,03MG + LEVONORGESTREL 0,15MG - 3 CARTELAS COM 21 COMPRIMIDOS;7896006201632;ANTICONCEPÇÃO;1,00;10;1;unidade;un
ETINILESTRADIOL 0,03MG + LEVONORGESTREL 0,15MG - 3 CARTELAS COM 21 COMPRIMIDOS;7896006234005;ANTICONCEPÇÃO;1,00;10;1;unidade;un
ETINILESTRADIOL 0,03MG + LEVONORGESTREL 0,15MG - 3 CARTELAS COM 21 COMPRIMIDOS;7896112403036;ANTICONCEPÇÃO;1,00;10;1;unidade;un
ETINILESTRADIOL 0,03MG + LEVONORGESTREL 0,15MG - 3 CARTELAS COM 21 COMPRIMIDOS;7896112403173;ANTICONCEPÇÃO;1,00;10;1;unidade;un
ETINILESTRADIOL 0,03MG + LEVONORGESTREL 0,15MG - 3 CARTELAS COM 21 COMPRIMIDOS;7908020500995;ANTICONCEPÇÃO;1,00;10;1;unidade;un
ETINILESTRADIOL 0,03MG + LEVONORGESTREL 0,15MG - CARTELA COM 21 COMPRIMIDOS;7891045008433;ANTICONCEPÇÃO;1,00;10;1;unidade;un
ETINILESTRADIOL 0,03MG + LEVONORGESTREL 0,15MG - CARTELA COM 21 COMPRIMIDOS;7896004714196;ANTICONCEPÇÃO;1,00;10;1;unidade;un
ETINILESTRADIOL 0,03MG + LEVONORGESTREL 0,15MG - CARTELA COM 21 COMPRIMIDOS;7896004774824;ANTICONCEPÇÃO;1,00;10;1;unidade;un
ETINILESTRADIOL 0,03MG + LEVONORGESTREL 0,15MG - CARTELA COM 21 COMPRIMIDOS;7896006201618;ANTICONCEPÇÃO;1,00;10;1;unidade;un
ETINILESTRADIOL 0,03MG + LEVONORGESTREL 0,15MG - CARTELA COM 21 COMPRIMIDOS;7896006222125;ANTICONCEPÇÃO;1,00;10;1;unidade;un
ETINILESTRADIOL 0,03MG + LEVONORGESTREL 0,15MG - CARTELA COM 21 COMPRIMIDOS;7896006234050;ANTICONCEPÇÃO;1,00;10;1;unidade;un
ETINILESTRADIOL 0,03MG + LEVONORGESTREL 0,15MG - CARTELA COM 21 COMPRIMIDOS;7896006234067;ANTICONCEPÇÃO;1,00;10;1;unidade;un
ETINILESTRADIOL 0,03MG + LEVONORGESTREL 0,15MG - CARTELA COM 21 COMPRIMIDOS;7896112403029;ANTICONCEPÇÃO;1,00;10;1;unidade;un
ETINILESTRADIOL 0,03MG + LEVONORGESTREL 0,15MG - CARTELA COM 21 COMPRIMIDOS;7896112403166;ANTICONCEPÇÃO;1,00;10;1;unidade;un
ETINILESTRADIOL 0,03MG + LEVONORGESTREL 0,15MG - CARTELA COM 21 COMPRIMIDOS;7908020500889;ANTICONCEPÇÃO;1,00;10;1;unidade;un
ETINILESTRADIOL 0,03MG + LEVONORGESTREL 0,15MG - CARTELA COM 21 COMPRIMIDOS;7908020502586;ANTICONCEPÇÃO;1,00;10;1;unidade;un
FUROSEMIDA 40 MG;7891058431037;HIPERTENSÃO;1,00;10;1;unidade;un
FUROSEMIDA 40 MG;7896112107439;HIPERTENSÃO;1,00;10;1;unidade;un
FUROSEMIDA 40 MG;7896112170310;HIPERTENSÃO;1,00;10;1;unidade;un
FUROSEMIDA 40 MG;7896181906582;HIPERTENSÃO;1,00;10;1;unidade;un
FUROSEMIDA 40 MG;7896523200705;HIPERTENSÃO;1,00;10;1;unidade;un
FUROSEMIDA 40 MG;7896523200910;HIPERTENSÃO;1,00;10;1;unidade;un
FUROSEMIDA 40 MG;7896714200255;HIPERTENSÃO;1,00;10;1;unidade;un
FUROSEMIDA 40 MG;7896714234557;HIPERTENSÃO;1,00;10;1;unidade;un
FUROSEMIDA 40 MG;7896714234564;HIPERTENSÃO;1,00;10;1;unidade;un
FUROSEMIDA 40 MG;7896714293240;HIPERTENSÃO;1,00;10;1;unidade;un
FUROSEMIDA 40 MG;7896714295664;HIPERTENSÃO;1,00;10;1;unidade;un
FUROSEMIDA 40 MG;7898075310369;HIPERTENSÃO;1,00;10;1;unidade;un
FUROSEMIDA 40 MG;7899095201224;HIPERTENSÃO;1,00;10;1;unidade;un
FUROSEMIDA 40 MG;7899095203860;HIPERTENSÃO;1,00;10;1;unidade;un
FUROSEMIDA 40 MG;7899095203877;HIPERTENSÃO;1,00;10;1;unidade;un
FUROSEMIDA 40 MG;7899095250949;HIPERTENSÃO;1,00;10;1;unidade;un
FUROSEMIDA 40 MG;7899095250956;HIPERTENSÃO;1,00;10;1;unidade;un
FUROSEMIDA 40 MG;7899547504521;HIPERTENSÃO;1,00;10;1;unidade;un
FUROSEMIDA 40 MG;7899547550689;HIPERTENSÃO;1,00;10;1;unidade;un
FUROSEMIDA 40 MG;7899547550870;HIPERTENSÃO;1,00;10;1;unidade;un
FUROSEMIDA 40 MG;7899547550887;HIPERTENSÃO;1,00;10;1;unidade;un
FUROSEMIDA 40 MG;7899547550894;HIPERTENSÃO;1,00;10;1;unidade;un
GLIBENCLAMIDA 5MG;7891058212070;DIABETES;1,00;10;1;unidade;un
GLIBENCLAMIDA 5MG;7894916141024;DIABETES;1,00;10;1;unidade;un
GLIBENCLAMIDA 5MG;7894916340328;DIABETES;1,00;10;1;unidade;un
GLIBENCLAMIDA 5MG;7895296272018;DIABETES;1,00;10;1;unidade;un
GLIBENCLAMIDA 5MG;7896004706474;DIABETES;1,00;10;1;unidade;un
GLIBENCLAMIDA 5MG;7896004707945;DIABETES;1,00;10;1;unidade;un
GLIBENCLAMIDA 5MG;7896181905509;DIABETES;1,00;10;1;unidade;un
GLIBENCLAMIDA 5MG;7896422522571;DIABETES;1,00;10;1;unidade;un
GLIBENCLAMIDA 5MG;7896523213989;DIABETES;1,00;10;1;unidade;un
GLIBENCLAMIDA 5MG;7896714217093;DIABETES;1,00;10;1;unidade;un
GLIBENCLAMIDA 5MG;7896714266695;DIABETES;1,00;10;1;unidade;un
GLIBENCLAMIDA 5MG;7896862910556;DIABETES;1,00;10;1;unidade;un
GLIBENCLAMIDA 5MG;7896862923297;DIABETES;1,00;10;1;unidade;un
GLIBENCLAMIDA 5MG;7896862923303;DIABETES;1,00;10;1;unidade;un
GLIBENCLAMIDA 5MG;7898075310376;DIABETES;1,00;10;1;unidade;un
GLIBENCLAMIDA 5MG;7898075317061;DIABETES;1,00;10;1;unidade;un
GLIBENCLAMIDA 5MG;7898148297269;DIABETES;1,00;10;1;unidade;un
GLIBENCLAMIDA 5MG;7899095201781;DIABETES;1,00;10;1;unidade;un
GLIBENCLAMIDA 5MG;7899095249707;DIABETES;1,00;10;1;unidade;un
HIDROCLOROTIAZIDA 25MG;7891058002657;HIPERTENSÃO;1,00;10;1;unidade;un
HIDROCLOROTIAZIDA 25MG;7893736002300;HIPERTENSÃO;1,00;10;1;unidade;un
HIDROCLOROTIAZIDA 25MG;7893736011319;HIPERTENSÃO;1,00;10;1;unidade;un
HIDROCLOROTIAZIDA 25MG;7894916143516;HIPERTENSÃO;1,00;10;1;unidade;un
HIDROCLOROTIAZIDA 25MG;7896004716176;HIPERTENSÃO;1,00;10;1;unidade;un
HIDROCLOROTIAZIDA 25MG;7896004716190;HIPERTENSÃO;1,00;10;1;unidade;un
HIDROCLOROTIAZIDA 25MG;7896112122432;HIPERTENSÃO;1,00;10;1;unidade;un
HIDROCLOROTIAZIDA 25MG;7896112165651;HIPERTENSÃO;1,00;10;1;unidade;un
HIDROCLOROTIAZIDA 25MG;7896523207537;HIPERTENSÃO;1,00;10;1;unidade;un
HIDROCLOROTIAZIDA 25MG;7896523210070;HIPERTENSÃO;1,00;10;1;unidade;un
HIDROCLOROTIAZIDA 25MG;7896714211978;HIPERTENSÃO;1,00;10;1;unidade;un
HIDROCLOROTIAZIDA 25MG;7896862918583;HIPERTENSÃO;1,00;10;1;unidade;un
HIDROCLOROTIAZIDA 25MG;7897595901521;HIPERTENSÃO;1,00;10;1;unidade;un
HIDROCLOROTIAZIDA 25MG;7898075314657;HIPERTENSÃO;1,00;10;1;unidade;un
HIDROCLOROTIAZIDA 25MG;7898148296729;HIPERTENSÃO;1,00;10;1;unidade;un
HIDROCLOROTIAZIDA 25MG;7898216362639;HIPERTENSÃO;1,00;10;1;unidade;un
HIDROCLOROTIAZIDA 25MG;7898216368969;HIPERTENSÃO;1,00;10;1;unidade;un
INSULINA HUMANA 100UI/ML;7896382700583;DIABETES;1,00;10;1;unidade;un
INSULINA HUMANA 100UI/ML;7896382703317;DIABETES;1,00;10;1;unidade;un
INSULINA HUMANA 100UI/ML;7897705200087;DIABETES;1,00;10;1;unidade;un
INSULINA HUMANA 100UI/ML;7897705200322;DIABETES;1,00;10;1;unidade;un
INSULINA HUMANA 100UI/ML;7897705201053;DIABETES;1,00;10;1;unidade;un
INSULINA HUMANA 100UI/ML;7897705202449;DIABETES;1,00;10;1;unidade;un
INSULINA HUMANA 100UI/ML;7897705202456;DIABETES;1,00;10;1;unidade;un
INSULINA HUMANA 100UI/ML;7897705202623;DIABETES;1,00;10;1;unidade;un
INSULINA HUMANA 100UI/ML;7897705203231;DIABETES;1,00;10;1;unidade;un
INSULINA HUMANA 100UI/ML;7898971005048;DIABETES;1,00;10;1;unidade;un
INSULINA HUMANA 100UI/ML;8905056007992;DIABETES;1,00;10;1;unidade;un
INSULINA HUMANA REGULAR 100UI/ML;7895197160032;DIABETES;1,00;10;1;unidade;un
INSULINA HUMANA REGULAR 100UI/ML;7896004750323;DIABETES;1,00;10;1;unidade;un
INSULINA HUMANA REGULAR 100UI/ML;7896382700576;DIABETES;1,00;10;1;unidade;un
INSULINA HUMANA REGULAR 100UI/ML;7896382703300;DIABETES;1,00;10;1;unidade;un
INSULINA HUMANA REGULAR 100UI/ML;7897705200070;DIABETES;1,00;10;1;unidade;un
INSULINA HUMANA REGULAR 100UI/ML;7897705200315;DIABETES;1,00;10;1;unidade;un
INSULINA HUMANA REGULAR 100UI/ML;7897705201725;DIABETES;1,00;10;1;unidade;un
INSULINA HUMANA REGULAR 100UI/ML;7897705202470;DIABETES;1,00;10;1;unidade;un
INSULINA HUMANA REGULAR 100UI/ML;7897705202487;DIABETES;1,00;10;1;unidade;un
INSULINA HUMANA REGULAR 100UI/ML;7897705202616;DIABETES;1,00;10;1;unidade;un
INSULINA HUMANA REGULAR 100UI/ML;7897705203224;DIABETES;1,00;10;1;unidade;un
INSULINA HUMANA REGULAR 100UI/ML;7898971005017;DIABETES;1,00;10;1;unidade;un
INSULINA HUMANA REGULAR 100UI/ML;7898971005079;DIABETES;1,00;10;1;unidade;un
INSULINA HUMANA REGULAR 100UI/ML;7898971005109;DIABETES;1,00;10;1;unidade;un
INSULINA HUMANA REGULAR 100UI/ML;7898971005154;DIABETES;1,00;10;1;unidade;un
INSULINA HUMANA REGULAR 100UI/ML;7898971005161;DIABETES;1,00;10;1;unidade;un
INSULINA HUMANA REGULAR 100UI/ML;8905056008005;DIABETES;1,00;10;1;unidade;un
LOSARTANA POTÁSSICA 50MG;7891317425869;HIPERTENSÃO;1,00;10;1;unidade;un
LOSARTANA POTÁSSICA 50MG;7891317427542;HIPERTENSÃO;1,00;10;1;unidade;un
LOSARTANA POTÁSSICA 50MG;7891317463229;HIPERTENSÃO;1,00;10;1;unidade;un
LOSARTANA POTÁSSICA 50MG;7894916145145;HIPERTENSÃO;1,00;10;1;unidade;un
LOSARTANA POTÁSSICA 50MG;7894916147019;HIPERTENSÃO;1,00;10;1;unidade;un
LOSARTANA POTÁSSICA 50MG;7896004706795;HIPERTENSÃO;1,00;10;1;unidade;un
LOSARTANA POTÁSSICA 50MG;7896004708539;HIPERTENSÃO;1,00;10;1;unidade;un
LOSARTANA POTÁSSICA 50MG;7896004778204;HIPERTENSÃO;1,00;10;1;unidade;un
LOSARTANA POTÁSSICA 50MG;7896004778358;HIPERTENSÃO;1,00;10;1;unidade;un
LOSARTANA POTÁSSICA 50MG;7896004778778;HIPERTENSÃO;1,00;10;1;unidade;un
LOSARTANA POTÁSSICA 50MG;7896004778785;HIPERTENSÃO;1,00;10;1;unidade;un
LOSARTANA POTÁSSICA 50MG;7896004778792;HIPERTENSÃO;1,00;10;1;unidade;un
LOSARTANA POTÁSSICA 50MG;7896004778808;HIPERTENSÃO;1,00;10;1;unidade;un
LOSARTANA POTÁSSICA 50MG;7896004778815;HIPERTENSÃO;1,00;10;1;unidade;un
LOSARTANA POTÁSSICA 50MG;7896004778822;HIPERTENSÃO;1,00;10;1;unidade;un
LOSARTANA POTÁSSICA 50MG;7896004778907;HIPERTENSÃO;1,00;10;1;unidade;un
LOSARTANA POTÁSSICA 50MG;7896112114185;HIPERTENSÃO;1,00;10;1;unidade;un
LOSARTANA POTÁSSICA 50MG;7896112134220;HIPERTENSÃO;1,00;10;1;unidade;un
LOSARTANA POTÁSSICA 50MG;7896112486787;HIPERTENSÃO;1,00;10;1;unidade;un
LOSARTANA POTÁSSICA 50MG;7896112486886;HIPERTENSÃO;1,00;10;1;unidade;un
LOSARTANA POTÁSSICA 50MG;7896181904861;HIPERTENSÃO;1,00;10;1;unidade;un
LOSARTANA POTÁSSICA 50MG;7896181905622;HIPERTENSÃO;1,00;10;1;unidade;un
LOSARTANA POTÁSSICA 50MG;7896181915638;HIPERTENSÃO;1,00;10;1;unidade;un
LOSARTANA POTÁSSICA 50MG;7896181917748;HIPERTENSÃO;1,00;10;1;unidade;un
LOSARTANA POTÁSSICA 50MG;7896181920410;HIPERTENSÃO;1,00;10;1;unidade;un
LOSARTANA POTÁSSICA 50MG;7896422507738;HIPERTENSÃO;1,00;10;1;unidade;un
LOSARTANA POTÁSSICA 50MG;7896472513406;HIPERTENSÃO;1,00;10;1;unidade;un
LOSARTANA POTÁSSICA 50MG;7896472513413;HIPERTENSÃO;1,00;10;1;unidade;un
LOSARTANA POTÁSSICA 50MG;7896523227399;HIPERTENSÃO;1,00;10;1;unidade;un
LOSARTANA POTÁSSICA 50MG;7896714208565;HIPERTENSÃO;1,00;10;1;unidade;un
LOSARTANA POTÁSSICA 50MG;7896714293233;HIPERTENSÃO;1,00;10;1;unidade;un
LOSARTANA POTÁSSICA 50MG;7897076923394;HIPERTENSÃO;1,00;10;1;unidade;un
LOSARTANA POTÁSSICA 50MG;7897076923400;HIPERTENSÃO;1,00;10;1;unidade;un
LOSARTANA POTÁSSICA 50MG;7897337706384;HIPERTENSÃO;1,00;10;1;unidade;un
LOSARTANA POTÁSSICA 50MG;7897337708463;HIPERTENSÃO;1,00;10;1;unidade;un
LOSARTANA POTÁSSICA 50MG;7897595627360;HIPERTENSÃO;1,00;10;1;unidade;un
LOSARTANA POTÁSSICA 50MG;7897595628237;HIPERTENSÃO;1,00;10;1;unidade;un
LOSARTANA POTÁSSICA 50MG;7898049797967;HIPERTENSÃO;1,00;10;1;unidade;un
LOSARTANA POTÁSSICA 50MG;7898148301720;HIPERTENSÃO;1,00;10;1;unidade;un
LOSARTANA POTÁSSICA 50MG;7898216368167;HIPERTENSÃO;1,00;10;1;unidade;un
LOSARTANA POTÁSSICA 50MG;7898361882457;HIPERTENSÃO;1,00;10;1;unidade;un
LOSARTANA POTÁSSICA 50MG;7898912189615;HIPERTENSÃO;1,00;10;1;unidade;un
LOSARTANA POTÁSSICA 50MG;7898912189622;HIPERTENSÃO;1,00;10;1;unidade;un
LOSARTANA POTÁSSICA 50MG;7899095204829;HIPERTENSÃO;1,00;10;1;unidade;un
LOSARTANA POTÁSSICA 50MG;7899095236639;HIPERTENSÃO;1,00;10;1;unidade;un
LOSARTANA POTÁSSICA 50MG;7899547505252;HIPERTENSÃO;1,00;10;1;unidade;un
LOSARTANA POTÁSSICA 50MG;7899547528626;HIPERTENSÃO;1,00;10;1;unidade;un
LOSARTANA POTÁSSICA 50MG;7899620911222;HIPERTENSÃO;1,00;10;1;unidade;un
LOSARTANA POTÁSSICA 50MG;8902220105034;HIPERTENSÃO;1,00;10;1;unidade;un
LOSARTANA POTÁSSICA 50MG;8903855062013;HIPERTENSÃO;1,00;10;1;unidade;un
MALEATO DE ENALAPRIL 10MG;7894916143028;HIPERTENSÃO;1,00;10;1;unidade;un
MALEATO DE ENALAPRIL 10MG;7895296216036;HIPERTENSÃO;1,00;10;1;unidade;un
MALEATO DE ENALAPRIL 10MG;7896004700533;HIPERTENSÃO;1,00;10;1;unidade;un
MALEATO DE ENALAPRIL 10MG;7896004710358;HIPERTENSÃO;1,00;10;1;unidade;un
MALEATO DE ENALAPRIL 10MG;7896004714455;HIPERTENSÃO;1,00;10;1;unidade;un
MALEATO DE ENALAPRIL 10MG;7896112126225;HIPERTENSÃO;1,00;10;1;unidade;un
MALEATO DE ENALAPRIL 10MG;7896112401391;HIPERTENSÃO;1,00;10;1;unidade;un
MALEATO DE ENALAPRIL 10MG;7896112414971;HIPERTENSÃO;1,00;10;1;unidade;un
MALEATO DE ENALAPRIL 10MG;7896241293669;HIPERTENSÃO;1,00;10;1;unidade;un
MALEATO DE ENALAPRIL 10MG;7896422514248;HIPERTENSÃO;1,00;10;1;unidade;un
MALEATO DE ENALAPRIL 10MG;7896523206073;HIPERTENSÃO;1,00;10;1;unidade;un
MALEATO DE ENALAPRIL 10MG;7896523210759;HIPERTENSÃO;1,00;10;1;unidade;un
MALEATO DE ENALAPRIL 10MG;7896714200743;HIPERTENSÃO;1,00;10;1;unidade;un
MALEATO DE ENALAPRIL 10MG;7896714205823;HIPERTENSÃO;1,00;10;1;unidade;un
MALEATO DE ENALAPRIL 10MG;7896862910969;HIPERTENSÃO;1,00;10;1;unidade;un
MALEATO DE ENALAPRIL 10MG;7897337705882;HIPERTENSÃO;1,00;10;1;unidade;un
MALEATO DE ENALAPRIL 10MG;7897917001182;HIPERTENSÃO;1,00;10;1;unidade;un
MALEATO DE ENALAPRIL 10MG;7897917005203;HIPERTENSÃO;1,00;10;1;unidade;un
MALEATO DE ENALAPRIL 10MG;7898049795833;HIPERTENSÃO;1,00;10;1;unidade;un
MALEATO DE ENALAPRIL 10MG;7898049796564;HIPERTENSÃO;1,00;10;1;unidade;un
MALEATO DE ENALAPRIL 10MG;7898075314435;HIPERTENSÃO;1,00;10;1;unidade;un
MALEATO DE ENALAPRIL 10MG;7898096578489;HIPERTENSÃO;1,00;10;1;unidade;un
MALEATO DE ENALAPRIL 10MG;7898216360215;HIPERTENSÃO;1,00;10;1;unidade;un
MALEATO DE ENALAPRIL 10MG;7898216367450;HIPERTENSÃO;1,00;10;1;unidade;un
MALEATO DE ENALAPRIL 10MG;7899095201132;HIPERTENSÃO;1,00;10;1;unidade;un
MALEATO DE ENALAPRIL 10MG;7899095244535;HIPERTENSÃO;1,00;10;1;unidade;un
MALEATO DE TIMOLOL 2,5MG;7896181909439;GLAUCOMA;1,00;10;1;unidade;un
MALEATO DE TIMOLOL 5MG;7894916142786;GLAUCOMA;1,00;10;1;unidade;un
MALEATO DE TIMOLOL 5MG;7896004715711;GLAUCOMA;1,00;10;1;unidade;un
MALEATO DE TIMOLOL 5MG;7896004715896;GLAUCOMA;1,00;10;1;unidade;un
MALEATO DE TIMOLOL 5MG;7896006290162;GLAUCOMA;1,00;10;1;unidade;un
MALEATO DE TIMOLOL 5MG;7896112126669;GLAUCOMA;1,00;10;1;unidade;un
MALEATO DE TIMOLOL 5MG;7896112197393;GLAUCOMA;1,00;10;1;unidade;un
MALEATO DE TIMOLOL 5MG;7896181907077;GLAUCOMA;1,00;10;1;unidade;un
MALEATO DE TIMOLOL 5MG;7896548165577;GLAUCOMA;1,00;10;1;unidade;un
MALEATO DE TIMOLOL 5MG;7896676406436;GLAUCOMA;1,00;10;1;unidade;un
MALEATO DE TIMOLOL 5MG;7896676427066;GLAUCOMA;1,00;10;1;unidade;un
MALEATO DE TIMOLOL 5MG;7896714225753;GLAUCOMA;1,00;10;1;unidade;un
MALEATO DE TIMOLOL 5MG;7898586631380;GLAUCOMA;1,00;10;1;unidade;un
MALEATO DE TIMOLOL 5MG;7898586631397;GLAUCOMA;1,00;10;1;unidade;un
NORETISTERONA 0,35MG;7896112401407;ANTICONCEPÇÃO;1,00;10;1;unidade;un
NORETISTERONA 0,35MG;7896241274903;ANTICONCEPÇÃO;1,00;10;1;unidade;un
SINVASTATINA 10MG;7891721003042;DISLIPIDEMIA;1,00;10;1;unidade;un
SINVASTATINA 10MG;7891721028441;DISLIPIDEMIA;1,00;10;1;unidade;un
SINVASTATINA 10MG;7894916206853;DISLIPIDEMIA;1,00;10;1;unidade;un
SINVASTATINA 10MG;7896004701943;DISLIPIDEMIA;1,00;10;1;unidade;un
SINVASTATINA 10MG;7896004711133;DISLIPIDEMIA;1,00;10;1;unidade;un
SINVASTATINA 10MG;7896004783444;DISLIPIDEMIA;1,00;10;1;unidade;un
SINVASTATINA 10MG;7896004783451;DISLIPIDEMIA;1,00;10;1;unidade;un
SINVASTATINA 10MG;7896004783659;DISLIPIDEMIA;1,00;10;1;unidade;un
SINVASTATINA 10MG;7896004783666;DISLIPIDEMIA;1,00;10;1;unidade;un
SINVASTATINA 10MG;7896112401346;DISLIPIDEMIA;1,00;10;1;unidade;un
SINVASTATINA 10MG;7896241293737;DISLIPIDEMIA;1,00;10;1;unidade;un
SINVASTATINA 10MG;7896472502813;DISLIPIDEMIA;1,00;10;1;unidade;un
SINVASTATINA 10MG;7896472511754;DISLIPIDEMIA;1,00;10;1;unidade;un
SINVASTATINA 10MG;7897595601766;DISLIPIDEMIA;1,00;10;1;unidade;un
SINVASTATINA 10MG;7897595609816;DISLIPIDEMIA;1,00;10;1;unidade;un
SINVASTATINA 10MG;7897851250394;DISLIPIDEMIA;1,00;10;1;unidade;un
SINVASTATINA 10MG;7898096578236;DISLIPIDEMIA;1,00;10;1;unidade;un
SINVASTATINA 10MG;7898216366286;DISLIPIDEMIA;1,00;10;1;unidade;un
SINVASTATINA 10MG;7899620910997;DISLIPIDEMIA;1,00;10;1;unidade;un
SINVASTATINA 10MG;7899620911598;DISLIPIDEMIA;1,00;10;1;unidade;un
SINVASTATINA 20MG;7891721012884;DISLIPIDEMIA;1,00;10;1;unidade;un
SINVASTATINA 20MG;7891721028458;DISLIPIDEMIA;1,00;10;1;unidade;un
SINVASTATINA 20MG;7894916140812;DISLIPIDEMIA;1,00;10;1;unidade;un
SINVASTATINA 20MG;7894916206860;DISLIPIDEMIA;1,00;10;1;unidade;un
SINVASTATINA 20MG;7895296244060;DISLIPIDEMIA;1,00;10;1;unidade;un
SINVASTATINA 20MG;7895296449274;DISLIPIDEMIA;1,00;10;1;unidade;un
SINVASTATINA 20MG;7896004704470;DISLIPIDEMIA;1,00;10;1;unidade;un
SINVASTATINA 20MG;7896004710761;DISLIPIDEMIA;1,00;10;1;unidade;un
SINVASTATINA 20MG;7896004710792;DISLIPIDEMIA;1,00;10;1;unidade;un
SINVASTATINA 20MG;7896004739489;DISLIPIDEMIA;1,00;10;1;unidade;un
SINVASTATINA 20MG;7896004783420;DISLIPIDEMIA;1,00;10;1;unidade;un
SINVASTATINA 20MG;7896004783468;DISLIPIDEMIA;1,00;10;1;unidade;un
SINVASTATINA 20MG;7896004783475;DISLIPIDEMIA;1,00;10;1;unidade;un
SINVASTATINA 20MG;7896004783673;DISLIPIDEMIA;1,00;10;1;unidade;un
SINVASTATINA 20MG;7896004783680;DISLIPIDEMIA;1,00;10;1;unidade;un
SINVASTATINA 20MG;7896112401384;DISLIPIDEMIA;1,00;10;1;unidade;un
SINVASTATINA 20MG;7896181913061;DISLIPIDEMIA;1,00;10;1;unidade;un
SINVASTATINA 20MG;7896241228142;DISLIPIDEMIA;1,00;10;1;unidade;un
SINVASTATINA 20MG;7896472502820;DISLIPIDEMIA;1,00;10;1;unidade;un
SINVASTATINA 20MG;7896472511808;DISLIPIDEMIA;1,00;10;1;unidade;un
SINVASTATINA 20MG;7896523201290;DISLIPIDEMIA;1,00;10;1;unidade;un
SINVASTATINA 20MG;7896523206660;DISLIPIDEMIA;1,00;10;1;unidade;un
SINVASTATINA 20MG;7896523215235;DISLIPIDEMIA;1,00;10;1;unidade;un
SINVASTATINA 20MG;7897595601773;DISLIPIDEMIA;1,00;10;1;unidade;un
SINVASTATINA 20MG;7897595609854;DISLIPIDEMIA;1,00;10;1;unidade;un
SINVASTATINA 20MG;7897595632548;DISLIPIDEMIA;1,00;10;1;unidade;un
SINVASTATINA 20MG;7897851250530;DISLIPIDEMIA;1,00;10;1;unidade;un
SINVASTATINA 20MG;7898060138114;DISLIPIDEMIA;1,00;10;1;unidade;un
SINVASTATINA 20MG;7898075314022;DISLIPIDEMIA;1,00;10;1;unidade;un
SINVASTATINA 20MG;7898096578243;DISLIPIDEMIA;1,00;10;1;unidade;un
SINVASTATINA 20MG;7898216366309;DISLIPIDEMIA;1,00;10;1;unidade;un
SINVASTATINA 20MG;7899095249059;DISLIPIDEMIA;1,00;10;1;unidade;un
SINVASTATINA 20MG;7899095254947;DISLIPIDEMIA;1,00;10;1;unidade;un
SINVASTATINA 20MG;7899620911031;DISLIPIDEMIA;1,00;10;1;unidade;un
SINVASTATINA 40MG;7891721016165;DISLIPIDEMIA;1,00;10;1;unidade;un
SINVASTATINA 40MG;7891721028472;DISLIPIDEMIA;1,00;10;1;unidade;un
SINVASTATINA 40MG;7894916141215;DISLIPIDEMIA;1,00;10;1;unidade;un
SINVASTATINA 40MG;7894916206877;DISLIPIDEMIA;1,00;10;1;unidade;un
SINVASTATINA 40MG;7895296294027;DISLIPIDEMIA;1,00;10;1;unidade;un
SINVASTATINA 40MG;7895296449281;DISLIPIDEMIA;1,00;10;1;unidade;un
SINVASTATINA 40MG;7896004711126;DISLIPIDEMIA;1,00;10;1;unidade;un
SINVASTATINA 40MG;7896004711188;DISLIPIDEMIA;1,00;10;1;unidade;un
SINVASTATINA 40MG;7896004736884;DISLIPIDEMIA;1,00;10;1;unidade;un
SINVASTATINA 40MG;7896004737171;DISLIPIDEMIA;1,00;10;1;unidade;un
SINVASTATINA 40MG;7896004783437;DISLIPIDEMIA;1,00;10;1;unidade;un
SINVASTATINA 40MG;7896004783505;DISLIPIDEMIA;1,00;10;1;unidade;un
SINVASTATINA 40MG;7896004783512;DISLIPIDEMIA;1,00;10;1;unidade;un
SINVASTATINA 40MG;7896004783529;DISLIPIDEMIA;1,00;10;1;unidade;un
SINVASTATINA 40MG;7896004783536;DISLIPIDEMIA;1,00;10;1;unidade;un
SINVASTATINA 40MG;7896004783703;DISLIPIDEMIA;1,00;10;1;unidade;un
SINVASTATINA 40MG;7896004783710;DISLIPIDEMIA;1,00;10;1;unidade;un
SINVASTATINA 40MG;7896004783727;DISLIPIDEMIA;1,00;10;1;unidade;un
SINVASTATINA 40MG;7896112401377;DISLIPIDEMIA;1,00;10;1;unidade;un
SINVASTATINA 40MG;7896181913115;DISLIPIDEMIA;1,00;10;1;unidade;un
SINVASTATINA 40MG;7896181913627;DISLIPIDEMIA;1,00;10;1;unidade;un
SINVASTATINA 40MG;7896241285022;DISLIPIDEMIA;1,00;10;1;unidade;un
SINVASTATINA 40MG;7896472502936;DISLIPIDEMIA;1,00;10;1;unidade;un
SINVASTATINA 40MG;7896472508594;DISLIPIDEMIA;1,00;10;1;unidade;un
SINVASTATINA 40MG;7896472511853;DISLIPIDEMIA;1,00;10;1;unidade;un
SINVASTATINA 40MG;7896523200644;DISLIPIDEMIA;1,00;10;1;unidade;un
SINVASTATINA 40MG;7896523215273;DISLIPIDEMIA;1,00;10;1;unidade;un
SINVASTATINA 40MG;7896523215358;DISLIPIDEMIA;1,00;10;1;unidade;un
SINVASTATINA 40MG;7897595604163;DISLIPIDEMIA;1,00;10;1;unidade;un
SINVASTATINA 40MG;7897595609892;DISLIPIDEMIA;1,00;10;1;unidade;un
SINVASTATINA 40MG;7897595632623;DISLIPIDEMIA;1,00;10;1;unidade;un
SINVASTATINA 40MG;7897851250622;DISLIPIDEMIA;1,00;10;1;unidade;un
SINVASTATINA 40MG;7898060138091;DISLIPIDEMIA;1,00;10;1;unidade;un
SINVASTATINA 40MG;7898075314077;DISLIPIDEMIA;1,00;10;1;unidade;un
SINVASTATINA 40MG;7898096578250;DISLIPIDEMIA;1,00;10;1;unidade;un
SINVASTATINA 40MG;7898216366323;DISLIPIDEMIA;1,00;10;1;unidade;un
SINVASTATINA 40MG;7899095249080;DISLIPIDEMIA;1,00;10;1;unidade;un
SINVASTATINA 40MG;7899095254961;DISLIPIDEMIA;1,00;10;1;unidade;un
SINVASTATINA 40MG;7899620911079;DISLIPIDEMIA;1,00;10;1;unidade;un
SUCCINATO DE METOPROLOL 25 MG;5000456009317;HIPERTENSÃO;1,00;10;1;unidade;un
SUCCINATO DE METOPROLOL 25 MG;5000456030465;HIPERTENSÃO;1,00;10;1;unidade;un
SUCCINATO DE METOPROLOL 25 MG;7891058000950;HIPERTENSÃO;1,00;10;1;unidade;un
SUCCINATO DE METOPROLOL 25 MG;7896094209251;HIPERTENSÃO;1,00;10;1;unidade;un
SUCCINATO DE METOPROLOL 25 MG;7896094209268;HIPERTENSÃO;1,00;10;1;unidade;un
SUCCINATO DE METOPROLOL 25 MG;7896094209879;HIPERTENSÃO;1,00;10;1;unidade;un
SUCCINATO DE METOPROLOL 25 MG;7896094209886;HIPERTENSÃO;1,00;10;1;unidade;un
SUCCINATO DE METOPROLOL 25 MG;7896112402664;HIPERTENSÃO;1,00;10;1;unidade;un
SUCCINATO DE METOPROLOL 25 MG;7896112406686;HIPERTENSÃO;1,00;10;1;unidade;un
SUCCINATO DE METOPROLOL 25 MG;7896206402853;HIPERTENSÃO;1,00;10;1;unidade;un
SUCCINATO DE METOPROLOL 25 MG;7896206406707;HIPERTENSÃO;1,00;10;1;unidade;un
SUCCINATO DE METOPROLOL 25 MG;7896206407308;HIPERTENSÃO;1,00;10;1;unidade;un
SUCCINATO DE METOPROLOL 25 MG;7896523201528;HIPERTENSÃO;1,00;10;1;unidade;un
SUCCINATO DE METOPROLOL 25 MG;7896658053498;HIPERTENSÃO;1,00;10;1;unidade;un
SUCCINATO DE METOPROLOL 25 MG;7898216363209;HIPERTENSÃO;1,00;10;1;unidade;un
SUCCINATO DE METOPROLOL 25 MG;7898577810701;HIPERTENSÃO;1,00;10;1;unidade;un
SUCCINATO DE METOPROLOL 25 MG;7898577810718;HIPERTENSÃO;1,00;10;1;unidade;un
SUCCINATO DE METOPROLOL 25 MG;7898577810725;HIPERTENSÃO;1,00;10;1;unidade;un
SUCCINATO DE METOPROLOL 25 MG;7898577810732;HIPERTENSÃO;1,00;10;1;unidade;un
SUCCINATO DE METOPROLOL 25 MG;7898947385693;HIPERTENSÃO;1,00;10;1;unidade;un
SUCCINATO DE METOPROLOL 25 MG;8901148243651;HIPERTENSÃO;1,00;10;1;unidade;un
SULFATO DE SALBUTAMOL 100MCG;7896015591908;ASMA;1,00;10;1;unidade;un
SULFATO DE SALBUTAMOL 100MCG;7896112108443;ASMA;1,00;10;1;unidade;un
SULFATO DE SALBUTAMOL 100MCG;7896112137030;ASMA;1,00;10;1;unidade;un
SULFATO DE SALBUTAMOL 100MCG;7896112147640;ASMA;1,00;10;1;unidade;un
SULFATO DE SALBUTAMOL 100MCG;7896269900150;ASMA;1,00;10;1;unidade;un
SULFATO DE SALBUTAMOL 100MCG;7897473201071;ASMA;1,00;10;1;unidade;un
SULFATO DE SALBUTAMOL 100MCG;7897473202771;ASMA;1,00;10;1;unidade;un
SULFATO DE SALBUTAMOL 100MCG;7897473203082;ASMA;1,00;10;1;unidade;un
SULFATO DE SALBUTAMOL 100MCG;7898014561333;ASMA;1,00;10;1;unidade;un
SULFATO DE SALBUTAMOL 5MG;7896269900068;ASMA;1,00;10;1;unidade;un
VALERATO DE ESTRADIOL 5MG + ENANTATO DE NORETISTERONA 50MG;7891106904537;ANTICONCEPÇÃO;1,00;10;1;unidade;un
VALERATO DE ESTRADIOL 5MG + ENANTATO DE NORETISTERONA 50MG;7891106911337;ANTICONCEPÇÃO;1,00;10;1;unidade;un
VALERATO DE ESTRADIOL 5MG + ENANTATO DE NORETISTERONA 50MG;7891317016920;ANTICONCEPÇÃO;1,00;10;1;unidade;un
VALERATO DE ESTRADIOL 5MG + ENANTATO DE NORETISTERONA 50MG;7891317026134;ANTICONCEPÇÃO;1,00;10;1;unidade;un
VALERATO DE ESTRADIOL 5MG + ENANTATO DE NORETISTERONA 50MG;7891317496388;ANTICONCEPÇÃO;1,00;10;1;unidade;un
VALERATO DE ESTRADIOL 5MG + ENANTATO DE NORETISTERONA 50MG;7898495609548;ANTICONCEPÇÃO;1,00;10;1;unidade;un
VALERATO DE ESTRADIOL 5MG + ENANTATO DE NORETISTERONA 50MG;7908020502524;ANTICONCEPÇÃO;1,00;10;1;unidade;un
VALERATO DE ESTRADIOL 5MG + ENANTATO DE NORETISTERONA 50MG;7908020502548;ANTICONCEPÇÃO;1,00;10;1;unidade;un
VALERATO DE ESTRADIOL 5MG + ENANTATO DE NORETISTERONA 50MG;7908020502555;ANTICONCEPÇÃO;1,00;10;1;unidade;un
VALERATO DE ESTRADIOL 5MG + ENANTATO DE NORETISTERONA 50MG;7908020502562;ANTICONCEPÇÃO;1,00;10;1;unidade;un
VALERATO DE ESTRADIOL 5MG + ENANTATO DE NORETISTERONA 50MG;7908020503026;ANTICONCEPÇÃO;1,00;10;1;unidade;un
VALERATO DE ESTRADIOL 5MG + ENANTATO DE NORETISTERONA 50MG;7908020503064;ANTICONCEPÇÃO;1,00;10;1;unidade;un
